claim_id,source_ids,doi_or_url,claim_paraphrase,evidence_status,precise_location,measurement_endpoint,comparison_or_sample,limitation,retrieval_status,checked_date
CHEM01,Imai2002,https://doi.org/10.1038/419685a,LFS specifically catalyzes LF formation.,experimental supported,Abstract,Enzymatic LF production,Original enzyme-discovery study,Not a comparison of kitchen remedies.,Publisher abstract,2026-09-24
CHEM02,Eady2008;Silvaroli2017,https://doi.org/10.1104/pp.108.123273;https://doi.org/10.1021/acschembio.7b00336,Isoalliin -> 1-propenesulfenic acid -> syn-propanethial S-oxide; alliinase then LFS.,pathway supported,Eady Fig. 1 and introduction; Silvaroli Fig. 1 caption,Chemical pathway,Disrupted onion tissue,Schematic omits coproducts; do not label enzyme as volatile irritant.,Eady full text; Silvaroli abstract and figure captions,2026-09-24
CHEM03,Eady2008,https://doi.org/10.1104/pp.108.123273,LFS suppression redirects sulfur metabolism as LF decreases.,causal biochemical evidence,Abstract; Table I; Fig. 1,LFS activity; LF; downstream sulfur compounds,Six successfully silenced plants,LFS activity fold change is not a tear-volume fold change. House Foods coauthors.,Main full text,2026-09-24
CHEM04,Silvaroli2017;Arakawa2020,https://doi.org/10.1021/acschembio.7b00336;https://doi.org/10.1021/acscatal.9b03720,Structural and mechanistic work supports enzyme-mediated rearrangement.,structural evidence; mechanism proposed,Abstracts; Silvaroli Figs. 2–4 captions,Crystal structures; substrate analogues; later assays/simulations,Isolated enzyme,No atomistic simulation performed in this project; not proof of in-eye chemistry.,Abstracts and Silvaroli figure captions,2026-09-24
PHYS01,Higashihara2010,https://doi.org/10.1007/s10384-009-0786-0,Synthesized LF elicits ocular irritation and reflex-tear response.,direct human evidence,Abstract Methods/Results,Tolerance time; change in tear-meniscus radius,91 healthy volunteers; four age groups,Protocol full text inaccessible; no household dose threshold extracted.,Publisher abstract,2026-09-24
PHYS02,Higashihara2010,https://doi.org/10.1007/s10384-009-0786-0,Response differed with age.,direct human evidence,Abstract Results/Conclusions,Same as PHYS01,20–29;30–39;40–49;over 50 years,Does not predict individual responses or quantify remedy effectiveness.,Publisher abstract,2026-09-24
MECH01,Wu2025,https://doi.org/10.1073/pnas.2512779122,Blunter/faster blades increased spray.,direct mechanical evidence,Sections 1–2; Fig.2,Droplet number/energy,Guillotine cuts,Not measured LF vapor or tears.,Published main full text,2026-09-24
MECH02,Wu2025,https://doi.org/10.1073/pnas.2512779122,Chilled samples ejected more liquid; velocity difference nonsignificant.,limited mechanical comparison,"Section 6; Fig. S9 referenced, not reanalyzed",Spray volume; velocity,1 °C / 12 h versus room temperature,Qualitative volume observation; net irritation unresolved.,Published main full text,2026-09-24
CHEM05,Lokke2012,https://doi.org/10.3390/s121216060,Cut-onion headspace composition changes with time.,direct analytical evidence,Abstract,PTR-MS mass signals,First 120 min after cutting,No universal emission kernel or quantitative remedy effect inferred.,Indexed publisher abstract; institution metadata,2026-09-24
VAR01,Kato2016,https://doi.org/10.1038/srep23779,Selected low-alliinase lines had lower LF.,biochemical evidence,Fig.2; Results chemical analysis,LF HPLC peak area,Control n=5; each selected line n=19,Experimental lines; not every sweet or commercially labeled tearless onion.,Full text and methods,2026-09-24
VAR02,Kato2016,https://doi.org/10.1038/srep23779,Panel reported no tear-inducing sensation for selected lines.,sensory evidence,Results and Methods: Organoleptic evaluation,Self-reported sensation and pungency while chewing,20 panelists;20 bulbs per selected line,"Chewing, not standardized chopping; sensory data not shown; industry affiliations.",Full text and methods,2026-09-24
REM01,PROJECT_INFERENCE,See evidence_review.md and search_log.md,A sealing eye barrier should reduce direct contact with airborne LF.,physical inference,Exposure-route reasoning,No efficacy endpoint measured here,No controlled onion-specific trial located,Leakage and nasal irritation may remain; no protection percentage.,Focused search,2026-09-24
REM02,PROJECT_MODEL,See technical_supplement.md,Air transport away from the face can reduce modeled exposure.,conditional calculation,Project model; not a cited household experiment,Concentration and exposure proxy,Specified source/flow/observation geometry,Actual kitchen flow and release may differ; fan is not an extracting hood.,Project simulation,2026-09-24
REM03,Wu2025,https://doi.org/10.1073/pnas.2512779122,Sharpness advice rests on MECH01.,mechanics-supported inference,See MECH01,See MECH01,See MECH01,No quantified tear reduction.,See MECH01,2026-09-24
REM04,SEARCH_RESULT;Wu2025,See search_log.md;https://doi.org/10.1073/pnas.2512779122,Net benefit of chilling is unresolved here.,insufficient comparative evidence,See MECH02 and search log,No whole-task LF or tear comparison retrieved,Cold kinetics and mechanics may compete,Not a claim that chilling cannot help.,Focused search; see MECH02,2026-09-24
REM05,PROJECT_INFERENCE,See search_log.md,Water contacting cut tissue could intercept some released material.,plausible; unquantified,Transport reasoning,No controlled LF/tear endpoint retrieved,Contact water differs from nearby bowl/towel,Do not assign efficiency or claim all vapor is attracted to water.,Focused search,2026-09-24
REM06,Kato2016,https://doi.org/10.1038/srep23779,Low-LF selection rests on VAR01–VAR02.,cultivar-specific evidence,See VAR01–VAR02,See VAR01–VAR02,See VAR01–VAR02,No general commercial product recommendation.,See VAR01–VAR02,2026-09-24
REM07,SEARCH_RESULT,See search_log.md,Tear-prevention benefit of leaving root attached was not established.,no adequate comparison located,Root-retention search,No controlled LF/tear endpoint retrieved,Not applicable,Absence of located evidence is not a negative experiment.,Focused search,2026-09-24
REM08,SEARCH_RESULT;Mirkheshti2009,See search_log.md;https://patents.google.com/patent/EP2014333A1/en,Benefits of bread/gum/matches/candle were not established.,no adequate peer-reviewed evidence located,Folklore-remedy search,Preliminary formulated menthol-gum onset comparison in patent,Patent n=10; ordinary gum not established,Patent lacks adequate methods and uncertainty; no independent confirmation retrieved.,Focused search,2026-09-24
SAFE01,SEARCH_RESULT,See search_log.md,Purified onion LF activation of a named TRPA1 receptor was not verified.,exclude specific claim,LF/TRPA1 targeted search,No LF-specific receptor assay retrieved,Garlic and mustard are not substitutes,Article uses sensory irritation/reflex description.,Focused search,2026-09-24
SAFE02,Imai2002;Silvaroli2017;SEARCH_RESULT,https://doi.org/10.1038/419685a;https://doi.org/10.1021/acschembio.7b00336,Sulfuric-acid-in-tears explanation was not verified.,exclude unsupported explanation,Checked pathway sources and search,Not measured in this project,Not applicable,Omit claim; do not invent a replacement ocular reaction.,Pathway sources; focused search,2026-09-24
MODEL01,PROJECT_ASSUMPTION,See technical_supplement.md,Normalized release is hypothetical.,declared modeling assumption,Model specification,Concentration per source unit,No measured LF emission rate used,"No LF-specific kinetics, Henry coefficient, or tear threshold assigned as measured.",Project model,2026-09-24
