scenario_id,time_s,x_m,y_m,z_m,concentration_order128_per_m3,concentration_order256_per_m3,absolute_difference_per_m3,relative_difference
no_mean_drift,1.0,0.0,0.0,0.0,30.523394111054717,30.523394111054326,3.907985046680551e-13,1.280324538110668e-14
no_mean_drift,1.0,0.03,0.0,0.0,23.237016998498476,23.23701699849823,2.4513724383723456e-13,1.0549428261513832e-14
no_mean_drift,1.0,0.3,0.0,0.4,6.277415652017852e-10,6.277415652017848e-10,4.1359030627651384e-25,6.588544222709979e-16
no_mean_drift,1.0,-0.3,0.0,-0.4,6.277415652017852e-10,6.277415652017848e-10,4.1359030627651384e-25,6.588544222709979e-16
no_mean_drift,1.0,0.0,0.3,0.1,0.00016586973369587548,0.00016586973369587616,6.776263578034403e-19,4.085292371939748e-15
no_mean_drift,10.0,0.0,0.0,0.0,30.222448446239074,30.222448446237415,1.659117287999834e-12,5.489685228353456e-14
no_mean_drift,10.0,0.03,0.0,0.0,26.130141626474256,26.13014162647321,1.0444978215673473e-12,3.9972910843664775e-14
no_mean_drift,10.0,0.3,0.0,0.4,0.21979332415481312,0.21979332415481445,1.3322676295501878e-15,6.0614563007008654e-15
no_mean_drift,10.0,-0.3,0.0,-0.4,0.21979332415481312,0.21979332415481445,1.3322676295501878e-15,6.0614563007008654e-15
no_mean_drift,10.0,0.0,0.3,0.1,1.594547275337877,1.5945472753378862,9.103828801926284e-15,5.709350197846704e-15
no_mean_drift,30.0,0.0,0.0,0.0,1.459094099536148,1.4590940995361206,2.7533531010703882e-14,1.8870291518180644e-14
no_mean_drift,30.0,0.03,0.0,0.0,1.4244058910317767,1.4244058910317603,1.6431300764452317e-14,1.1535546762271811e-14
no_mean_drift,30.0,0.3,0.0,0.4,0.47946132515848144,0.4794613251584831,1.6653345369377348e-15,3.4733448759131267e-15
no_mean_drift,30.0,-0.3,0.0,-0.4,0.47946132515848144,0.4794613251584831,1.6653345369377348e-15,3.4733448759131267e-15
no_mean_drift,30.0,0.0,0.3,0.1,0.8462840542893458,0.846284054289349,3.219646771412954e-15,3.804451655557413e-15
no_mean_drift,60.0,0.0,0.0,0.0,0.34853837664549464,0.34853837664550313,8.493206138382448e-15,2.4368065921822006e-14
no_mean_drift,60.0,0.03,0.0,0.0,0.34802700342413,0.34802700342412796,2.0539125955565396e-15,5.9015897483492405e-15
no_mean_drift,60.0,0.3,0.0,0.4,0.23511568916760262,0.23511568916760242,1.942890293094024e-16,8.263550169589206e-16
no_mean_drift,60.0,-0.3,0.0,-0.4,0.23511568916760262,0.23511568916760242,1.942890293094024e-16,8.263550169589206e-16
no_mean_drift,60.0,0.0,0.3,0.1,0.29760986390999006,0.29760986390998967,3.885780586188048e-16,1.3056625661316385e-15
toward,1.0,0.0,0.0,0.0,29.76419453532342,29.764194535322964,4.547473508864641e-13,1.527833552985242e-14
toward,1.0,0.03,0.0,0.0,24.219739569221954,24.219739569221737,2.1671553440683056e-13,8.947888716451395e-15
toward,1.0,0.3,0.0,0.4,1.8962603784034298e-08,1.896260378403427e-08,2.6469779601696886e-23,1.3958937234127807e-15
toward,1.0,-0.3,0.0,-0.4,1.5103751254955187e-11,1.5103751254955187e-11,0.0,0.0
toward,1.0,0.0,0.3,0.1,0.0002523001801950121,0.00025230018019501305,9.75781955236954e-19,3.867543631886162e-15
toward,10.0,0.0,0.0,0.0,23.55952360856694,23.559523608565232,1.708855279503041e-12,7.253352435707886e-14
toward,10.0,0.03,0.0,0.0,21.730585860842485,21.730585860841416,1.0693668173189508e-12,4.9210215691697165e-14
toward,10.0,0.3,0.0,0.4,3.1211188444005464,3.121118844400565,1.865174681370263e-14,5.975980968223862e-15
toward,10.0,-0.3,0.0,-0.4,0.0009128368443336896,0.0009128368443336951,5.421010862427522e-18,5.938641605099177e-15
toward,10.0,0.0,0.3,0.1,0.9578612536387184,0.9578612536387245,6.106226635438361e-15,6.374855034841444e-15
toward,30.0,0.0,0.0,0.0,0.2015416115219538,0.20154161152192182,3.197442310920451e-14,1.5864923807918758e-13
toward,30.0,0.03,0.0,0.0,0.19225982422980456,0.19225982422978377,2.0788926136106056e-14,1.0812933081255547e-13
toward,30.0,0.3,0.0,0.4,0.3849291846933374,0.38492918469334014,2.7200464103316335e-15,7.066355367412842e-15
toward,30.0,-0.3,0.0,-0.4,0.00010068164014301587,0.00010068164014301646,5.827586677109586e-19,5.7881324428481744e-15
toward,30.0,0.0,0.3,0.1,0.033052794498008256,0.03305279449800849,2.3592239273284576e-16,7.1377442154569e-15
toward,60.0,0.0,0.0,0.0,0.00012570736186867654,0.00012570736187580788,7.131339789523405e-15,5.672969095134449e-11
toward,60.0,0.03,0.0,0.0,0.00012282252763141715,0.00012282252763076216,6.549936374528054e-16,5.332846099877491e-12
toward,60.0,0.3,0.0,0.4,0.0007438426558370321,0.0007438426558370364,4.228388472693467e-18,5.684520025186398e-15
toward,60.0,-0.3,0.0,-0.4,1.873228631464045e-07,1.873228631464054e-07,8.999725064576941e-22,4.80439222068854e-15
toward,60.0,0.0,0.3,0.1,4.050802667938296e-05,4.0508026679383155e-05,1.9651164376299768e-19,4.85117789909558e-15
away,1.0,0.0,0.0,0.0,29.76419453532342,29.764194535322964,4.547473508864641e-13,1.527833552985242e-14
away,1.0,0.03,0.0,0.0,21.085986585448467,21.085986585448232,2.3447910280083306e-13,1.1120139048302855e-14
away,1.0,0.3,0.0,0.4,1.5103751254955187e-11,1.5103751254955187e-11,0.0,0.0
away,1.0,-0.3,0.0,-0.4,1.8962603784034298e-08,1.896260378403427e-08,2.6469779601696886e-23,1.3958937234127807e-15
away,1.0,0.0,0.3,0.1,8.244863082575517e-05,8.244863082575549e-05,3.2526065174565133e-19,3.945009741071961e-15
away,10.0,0.0,0.0,0.0,23.55952360856694,23.559523608565232,1.708855279503041e-12,7.253352435707886e-14
away,10.0,0.03,0.0,0.0,17.834534694361896,17.83453469436083,1.0658141036401503e-12,5.976125096087616e-14
away,10.0,0.3,0.0,0.4,0.0009128368443336896,0.0009128368443336951,5.421010862427522e-18,5.938641605099177e-15
away,10.0,-0.3,0.0,-0.4,3.1211188444005464,3.121118844400565,1.865174681370263e-14,5.975980968223862e-15
away,10.0,0.0,0.3,0.1,0.26375472355144386,0.2637547235514458,1.942890293094024e-15,7.366276770072934e-15
away,30.0,0.0,0.0,0.0,0.2015416115219538,0.20154161152192182,3.197442310920451e-14,1.5864923807918758e-13
away,30.0,0.03,0.0,0.0,0.15533641012019042,0.15533641012017024,2.017830347256222e-14,1.2990066821392374e-13
away,30.0,0.3,0.0,0.4,0.00010068164014301587,0.00010068164014301646,5.827586677109586e-19,5.7881324428481744e-15
away,30.0,-0.3,0.0,-0.4,0.3849291846933374,0.38492918469334014,2.7200464103316335e-15,7.066355367412842e-15
away,30.0,0.0,0.3,0.1,0.008897964612176035,0.008897964612176101,6.591949208711867e-17,7.408378765286783e-15
away,60.0,0.0,0.0,0.0,0.00012570736186867654,0.00012570736187580788,7.131339789523405e-15,5.672969095134449e-11
away,60.0,0.03,0.0,0.0,9.814621431729261e-05,9.814621431565259e-05,1.6400184162101983e-15,1.6709950838609618e-11
away,60.0,0.3,0.0,0.4,1.873228631464045e-07,1.873228631464054e-07,8.999725064576941e-22,4.80439222068854e-15
away,60.0,-0.3,0.0,-0.4,0.0007438426558370321,0.0007438426558370364,4.228388472693467e-18,5.684520025186398e-15
away,60.0,0.0,0.3,0.1,1.08102222707323e-05,1.0810222270732349e-05,4.912791094074942e-20,4.544579168715021e-15
transverse,1.0,0.0,0.0,0.0,29.76419453532342,29.764194535322964,4.547473508864641e-13,1.527833552985242e-14
transverse,1.0,0.03,0.0,0.0,22.584524889480985,22.58452488948078,2.0605739337042905e-13,9.123831224202757e-15
transverse,1.0,0.3,0.0,0.4,5.347527176473746e-10,5.347527176473738e-10,8.271806125530277e-25,1.5468469542187282e-15
transverse,1.0,-0.3,0.0,-0.4,5.347527176473746e-10,5.347527176473738e-10,8.271806125530277e-25,1.5468469542187282e-15
transverse,1.0,0.0,0.3,0.1,0.0011759907475193741,0.0011759907475193795,5.421010862427522e-18,4.609739382612096e-15
transverse,10.0,0.0,0.0,0.0,23.55952360856694,23.559523608565232,1.708855279503041e-12,7.253352435707886e-14
transverse,10.0,0.03,0.0,0.0,19.669611379710137,19.669611379709064,1.0729195309977513e-12,5.454706299406415e-14
transverse,10.0,0.3,0.0,0.4,0.053353725047678525,0.05335372504767884,3.122502256758253e-16,5.8524540769512734e-15
transverse,10.0,-0.3,0.0,-0.4,0.053353725047678525,0.05335372504767884,3.122502256758253e-16,5.8524540769512734e-15
transverse,10.0,0.0,0.3,0.1,5.646186228596733,5.646186228596775,4.263256414560601e-14,7.550683314284042e-15
transverse,30.0,0.0,0.0,0.0,0.2015416115219538,0.20154161152192182,3.197442310920451e-14,1.5864923807918758e-13
transverse,30.0,0.03,0.0,0.0,0.17266377232507002,0.17266377232504934,2.067790383364354e-14,1.1975820726722113e-13
transverse,30.0,0.3,0.0,0.4,0.006223819855715231,0.006223819855715268,3.729655473350135e-17,5.992550491199118e-15
transverse,30.0,-0.3,0.0,-0.4,0.006223819855715231,0.006223819855715268,3.729655473350135e-17,5.992550491199118e-15
transverse,30.0,0.0,0.3,0.1,0.20093033372004684,0.20093033372004815,1.304512053934559e-15,6.492359962692876e-15
transverse,60.0,0.0,0.0,0.0,0.00012570736186867654,0.00012570736187580788,7.131339789523405e-15,5.672969095134449e-11
transverse,60.0,0.03,0.0,0.0,0.00010969843756620479,0.00010969843756474906,1.4557311519419747e-15,1.3270299780548244e-11
transverse,60.0,0.3,0.0,0.4,1.1802373893087604e-05,1.1802373893087657e-05,5.251604272976662e-20,4.449616933464877e-15
transverse,60.0,-0.3,0.0,-0.4,1.1802373893087604e-05,1.1802373893087657e-05,5.251604272976662e-20,4.449616933464877e-15
transverse,60.0,0.0,0.3,0.1,0.0002491855082174446,0.0002491855082174457,1.0842021724855044e-18,4.350984052970696e-15
