source_id,scenario_id,assumed_loss_rate_per_s,exposure_120s_s_per_m3,infinite_exposure_s_per_m3,point_source_infinite_reference_s_per_m3
fast,no_mean_drift,0.0,28.942262292893897,53.05164769729845,53.05164769729845
slow,no_mean_drift,0.0,25.742278523107366,53.05164769729845,53.05164769729845
fast,toward,0.0,52.18194854904249,52.18194855471978,53.051647697298485
slow,toward,0.0,51.7413512926516,52.18194855471978,53.051647697298485
fast,away,0.0,0.014900337693162796,0.014900337694556101,0.012751996780192147
slow,away,0.0,0.014776741666302853,0.014900337694556101,0.012751996780192147
fast,transverse,0.0,0.8810209869946486,0.881020987083583,0.8225049790851348
slow,transverse,0.0,0.8736473221757045,0.881020987083583,0.8225049790851348
fast,no_mean_drift,0.02,14.309936934871022,14.63776464222075,14.589053324046702
slow,no_mean_drift,0.02,13.616267550329782,14.63776464222075,14.589053324046702
fast,toward,0.02,42.92247386634278,42.92247386753018,43.63451567696275
slow,toward,0.02,42.56990039249975,42.92247386753018,43.63451567696275
fast,away,0.02,0.01233643063086681,0.01233643063116216,0.01048840568709062
slow,away,0.02,0.012236790912276621,0.01233643063116216,0.01048840568709062
fast,transverse,0.02,0.7270317859493713,0.7270317859680949,0.676503142919307
slow,transverse,0.02,0.7211095203462072,0.7270317859680949,0.676503142919307
fast,no_mean_drift,0.1,3.0077055524900302,3.0077167756497825,2.9580035900319603
slow,no_mean_drift,0.1,2.9734695920401917,3.0077167756497825,2.9580035900319603
fast,toward,0.1,21.201306593732113,21.201306593802094,21.519592846081114
slow,toward,0.1,21.040378198593118,21.201306593802094,21.519592846081114
fast,away,0.1,0.006238793431304463,0.006238793431323184,0.005172653265173637
slow,away,0.1,0.006192109072632134,0.006238793431323184,0.005172653265173637
fast,transverse,0.1,0.36333333625147013,0.3633333362526141,0.33363661699592967
slow,transverse,0.1,0.3605949070060532,0.3633333362526141,0.33363661699592967
