diffusivity_m2_s,distance_m,flow_speed_m_s,angle_deg,effective_peclet_number,exposure_120s_s_per_m3,infinite_exposure_s_per_m3,exposure_120s_ratio_to_no_mean_drift,infinite_exposure_ratio_to_no_mean_drift,point_source_infinite_reference_s_per_m3
0.001,0.3,0.02,0,6.0,256.70032689200434,256.7015211159602,1.8241817307129438,0.9677419354838708,265.25823848649225
0.001,0.3,0.02,30,6.0,174.71884712245688,174.71964745154784,1.2415992328132133,0.6586775530458976,177.46617860547698
0.001,0.3,0.02,60,6.0,61.10159253034597,61.101860688691374,0.43420438984565757,0.23034858799231175,59.18711323418143
0.001,0.3,0.02,90,6.0,14.562915316390274,14.56297553033008,0.10348800248024266,0.054901124328591476,13.206430054666148
0.001,0.3,0.02,120,6.0,3.475733121026926,3.475746641844694,0.024699496634761352,0.01310325613891042,2.946752853086697
0.001,0.3,0.02,150,6.0,1.218892375518508,1.2188969058089971,0.008661777840515169,0.004595133077727451,0.9827776546454958
0.001,0.3,0.02,180,6.0,0.8307733487901755,0.8307763848411822,0.005903699397561828,0.0031319531848715337,0.6575094360270767
0.001,0.3,0.05,0,15.0,244.85375860266348,244.85375860291597,1.7399968225489955,0.9230769230769232,265.2582384864925
0.001,0.3,0.05,30,15.0,97.8191658140391,97.81916581413822,0.6951293648590531,0.36876956724237414,97.11485640955532
0.001,0.3,0.05,60,15.0,8.014561139081462,8.014561139089194,0.05695363222402544,0.030214183675570626,6.238275838937986
0.001,0.3,0.05,90,15.0,0.266134622971593,0.2661346229718327,0.0018912243821925532,0.0010033038916730389,0.14671018575982553
0.001,0.3,0.05,120,15.0,0.008983050997362383,0.008983050997369915,6.383598226715604e-05,3.386530442419175e-05,0.003450292863187466
0.001,0.3,0.05,150,15.0,0.000760650947921203,0.0007606509479218071,5.405390711602405e-06,2.8675865159247137e-06,0.00022163322277810342
0.001,0.3,0.05,180,15.0,0.0003089643108289923,0.0003089643108292251,2.1955836912263717e-06,1.1647680109470322e-06,8.11431106852447e-05
0.001,0.3,0.1,0,30.0,227.36420441690117,227.36420441699335,1.615711335225078,0.8571428571428571,265.2582384864927
0.001,0.3,0.1,30,30.0,41.39239383482743,41.39239383484396,0.29414551020705837,0.15604564846324945,35.555145767617006
0.001,0.3,0.1,60,30.0,0.40586565910696043,0.405865659107116,0.0028841907972254545,0.0015300774875943537,0.14671018575982578
0.001,0.3,0.1,90,30.0,0.0007928298086094034,0.0007928298086096888,5.6340623712503795e-06,2.9888979627302397e-06,8.114311068524483e-05
0.001,0.3,0.1,120,30.0,1.7359752413003836e-06,1.73597524130097e-06,1.2336308093142482e-08,6.544472477861875e-09,4.4878986265184664e-08
0.001,0.3,0.1,150,30.0,2.1522222296040523e-08,2.1522222296047422e-08,1.529427141450313e-10,8.113686654502683e-11,1.851828833640913e-10
0.001,0.3,0.1,180,30.0,4.420669830041795e-09,4.420669830043184e-09,3.141447164914894e-11,1.666553263441165e-11,2.4821865851352845e-11
0.001,0.5,0.02,0,10.0,156.0280094897084,156.0342579332307,3.312976121060723,0.9803921568627451,159.15494309189532
0.001,0.5,0.02,30,10.0,81.11735179921246,81.12055860085886,1.7223820927626396,0.509695501911117,81.4512947758937
0.001,0.5,0.02,60,10.0,13.585461144806349,13.585979464656496,0.28846300426149096,0.0853632265559733,13.064233284684931
0.001,0.5,0.02,90,10.0,1.1836963353063448,1.1837393309377189,0.02513367764084482,0.00743765357167847,1.0723775711956545
0.001,0.5,0.02,120,10.0,0.1032072116158537,0.10321077819049641,0.002191420814268206,0.0006484924450690984,0.0880261114558954
0.001,0.5,0.02,150,10.0,0.01730926309071676,0.01730983956250158,0.000367531288005599,0.00010876092960874587,0.014118789128737609
0.001,0.5,0.02,180,10.0,0.009005210422608982,0.009005506277533371,0.00019120956033986033,5.658326472671122e-05,0.0072256232377243225
0.001,0.5,0.05,0,25.0,151.5761362775132,151.57613627799557,3.21844854428634,0.9523809523809526,159.1549430918956
0.001,0.5,0.05,30,25.0,30.95421865553372,30.954218655630466,0.6572575500211056,0.1944910918522816,29.820490559187967
0.001,0.5,0.05,60,25.0,0.40469007119416706,0.4046900711953706,0.008592870899792347,0.0025427427092962135,0.30724131819283557
0.001,0.5,0.05,90,25.0,0.0010895554890894517,0.001089555489092474,2.3134764903618698e-05,6.845879040422702e-06,0.0005931152735254121
0.001,0.5,0.05,120,25.0,2.9600555840669872e-06,2.9600555840746317e-06,6.285149377409203e-08,1.8598577754292618e-08,1.1449818330369608e-06
0.001,0.5,0.05,150,25.0,3.940668441727966e-08,3.940668441737615e-08,8.367305646697653e-10,2.475995005359206e-10,1.17967786945321e-08
0.001,0.5,0.05,180,25.0,8.120870427263405e-09,8.1208704272829e-09,1.7243217993834918e-10,5.1024933750213136e-11,2.2103349154917856e-09
0.001,0.5,0.1,0,50.0,144.68631190162506,144.68631190172303,3.072155428644657,0.9090909090909092,159.1549430918959
0.001,0.5,0.1,30,50.0,6.976812678348088,6.976812678352739,0.14814015688641802,0.043836606911570195,5.587395778698266
0.001,0.5,0.1,60,50.0,0.0017973603237643075,0.0017973603237654559,3.8163736453780026e-05,1.1293147977990659e-05,0.0005931152735254142
0.001,0.5,0.1,90,50.0,2.3652760502816012e-08,2.3652760502830197e-08,5.02224126291673e-10,1.4861467726562036e-10,2.2103349154917856e-09
0.001,0.5,0.1,120,50.0,3.3272952137161285e-13,3.32729521371799e-13,7.064917143282701e-15,2.090601239948184e-15,8.237151624173705e-15
0.001,0.5,0.1,150,50.0,9.807564762532513e-17,9.807564762537749e-17,2.0824612177193726e-18,6.162274681518944e-19,8.74393121974313e-19
0.001,0.5,0.1,180,50.0,5.0620442420732314e-18,5.062044242075891e-18,1.0748346885017282e-19,3.1805762006104267e-20,3.0697007229119913e-20
0.001,0.8,0.02,0,16.0,98.18898184825306,98.24379203203416,10.438450399727916,0.9876543209876545,99.47183943243458
0.001,0.8,0.02,30,16.0,34.12335908822566,34.14220970208798,3.6276472635700894,0.34323492856768567,34.0584379886334
0.001,0.8,0.02,60,16.0,1.9013870360364966,1.9024077937705797,0.2021360634640878,0.019125089116933183,1.821890290642624
0.001,0.8,0.02,90,16.0,0.03683361180241804,0.03685262194088368,0.003915773670375563,0.00037048296433600704,0.033369084658301205
0.001,0.8,0.02,120,16.0,0.0007138178990478271,0.0007141719363825764,7.588583355680554e-05,7.179639387966398e-06,0.0006111761046490469
0.001,0.8,0.02,150,16.0,3.9805670094318984e-05,3.982484126383576e-05,4.231732574125619e-06,4.003629719835075e-07,3.269368405281797e-05
0.001,0.8,0.02,180,16.0,1.3838957113435282e-05,1.3845550583335443e-05,1.4712166751643136e-06,1.3919065599204002e-07,1.1194080830175113e-05
0.001,0.8,0.05,0,40.00000000000001,96.45754126615094,96.45754126781537,10.254381308714416,0.96969696969697,99.47183943243458
0.001,0.8,0.05,30,40.00000000000001,7.206047304753259,7.206047304875343,0.7660734020545118,0.0724430888781341,6.823569069998735
0.001,0.8,0.05,60,40.00000000000001,0.00603189071738186,0.006031890717479022,0.0006412490575294626,6.063917940892341e-05,0.004516014523577701
0.001,0.8,0.05,90,40.00000000000001,3.791337841571332e-07,3.791337841628282e-07,4.030563436233244e-08,3.811468515371646e-09,2.0502674217678837e-07
0.001,0.8,0.05,120,40.00000000000001,2.3958596608914278e-11,2.3958596609249477e-11,2.5470334618169854e-12,2.4085808351340637e-13,9.308199694257316e-12
0.001,0.8,0.05,150,40.00000000000001,2.0271317076949915e-14,2.027131707721897e-14,2.1550395356163265e-15,2.037895065868174e-16,6.160407343489376e-15
0.001,0.8,0.05,180,40.00000000000001,1.5225699695224092e-15,1.5225699695422303e-15,1.6186409928903527e-16,1.530654281884898e-17,4.225916123344621e-16
0.001,0.8,0.1,0,80.00000000000001,93.6205547598015,93.6205547599384,9.95278185861529,0.9411764705882351,99.47183943243458
0.001,0.8,0.1,30,80.00000000000001,0.6090536895672772,0.6090536895681535,0.06474837206423706,0.006122875509725023,0.46808317930693977
0.001,0.8,0.1,60,80.00000000000001,6.547242406027136e-07,6.547242406036135e-07,6.960359892103867e-08,6.582005966103899e-09,2.050267421767891e-07
0.001,0.8,0.1,90,80.00000000000001,4.752414493526288e-15,4.7524144935324215e-15,5.052282041816979e-16,4.777648147102437e-17,4.225916123344621e-16
0.001,0.8,0.1,120,80.00000000000001,3.5933511571033866e-23,3.5933511571077254e-23,3.820084200506043e-24,3.6124305910201646e-25,8.710262325753335e-25
0.001,0.8,0.1,150,80.00000000000001,4.192710542967728e-29,4.1927105429725437e-29,4.4572619268852914e-30,4.214972364937926e-31,3.8152123107661514e-31
0.001,0.8,0.1,180,80.00000000000001,2.8421220881328238e-31,2.8421220881360476e-31,3.02145412738827e-32,2.857212759261917e-33,1.7953188745116327e-33
0.003,0.3,0.02,0,2.0,87.29906500313423,87.44777092961284,1.377334242171194,0.9890109890109893,88.41941282883074
0.003,0.3,0.02,30,2.0,76.57735245549178,76.70743432664247,1.2081757085024276,0.8675406437626855,77.33270449655784
0.003,0.3,0.02,60,2.0,53.5347338520434,53.62498509701495,0.8446278557198007,0.6064842932267195,53.62908479447441
0.003,0.3,0.02,90,2.0,32.83228357590461,32.887058039052434,0.5180012914931538,0.3719438637612058,32.52768418017732
0.003,0.3,0.02,120,2.0,20.137554334362076,20.170797552670845,0.3177140916377975,0.22812634587066374,19.729037744727144
0.003,0.3,0.02,150,2.0,14.08064096010664,14.103705218522343,0.22215299723286697,0.15950914813046096,13.681795367346197
0.003,0.3,0.02,180,2.0,12.35245798500848,12.372633656473363,0.19488712000663863,0.13993119000264434,11.966266278804797
0.003,0.3,0.05,0,5.0,86.02969896723013,86.02969896859207,1.3573072085822655,0.9729729729729729,88.41941282883077
0.003,0.3,0.05,30,5.0,62.32483397392904,62.324833974904635,0.983310966352791,0.7048772659863503,63.253790655986826
0.003,0.3,0.05,60,5.0,25.842635798803332,25.842635799195445,0.40772426591708694,0.2922733251941364,25.33258591102145
0.003,0.3,0.05,90,5.0,7.76934621175677,7.769346211869672,0.12257847866241704,0.08786923553665962,7.257907380380514
0.003,0.3,0.05,120,5.0,2.3378075035042984,2.337807503536808,0.036884041381950894,0.02643997996302599,2.079425279645995
0.003,0.3,0.05,150,5.0,0.9710426995374734,0.9710426995505421,0.015320328581243096,0.010982234200427942,0.8327915053925097
0.003,0.3,0.05,180,5.0,0.7040902841700187,0.7040902841793812,0.01110856866488314,0.007963073511270818,0.5957653173309192
0.003,0.3,0.1,0,10.0,83.76575952201458,83.76575952205017,1.3215885978504611,0.9473684210526315,88.41941282883081
0.003,0.3,0.1,30,10.0,44.712431428119594,44.7124314281385,0.7054366831359485,0.5056856859555983,45.25071931994095
0.003,0.3,0.1,60,10.0,8.059563684206118,8.059563684209472,0.1271572958864791,0.09115151782122563,7.2579073803805185
0.003,0.3,0.1,90,10.0,0.779282532576587,0.7792825325769037,0.012294891318768273,0.008813477805892018,0.5957653173309198
0.003,0.3,0.1,120,10.0,0.07575562024786883,0.07575562024789892,0.0011952110804458343,0.0008567758801401748,0.04890339525327522
0.003,0.3,0.1,150,10.0,0.013803427843465804,0.013803427843471196,0.00021777935224692453,0.00015611309102666127,0.007843771738187575
0.003,0.3,0.1,180,10.0,0.007408002212799909,0.0074080022128027835,0.00011687748446564657,8.378253118626536e-05,0.004014235132069068
0.003,0.5,0.02,0,3.3333333333333335,52.43849505829334,52.70031228208455,1.8118312427556293,0.9933774834437086,53.05164769729845
0.003,0.5,0.02,30,3.3333333333333335,42.044219248305126,42.253700633614045,1.4526929105548225,0.7964634929852656,42.435060970246106
0.003,0.5,0.02,60,3.3333333333333335,22.992645781430504,23.106549718502077,0.7944315322951039,0.4355482010727205,23.056151047594575
0.003,0.5,0.02,90,3.3333333333333335,10.081963440944056,10.131517503923442,0.34834745601139305,0.19097460576025369,10.020161940353193
0.003,0.5,0.02,120,3.3333333333333335,4.420983917548944,4.442542480674882,0.152751843404944,0.0837399529232927,4.354744428228311
0.003,0.5,0.02,150,3.3333333333333335,2.4178919431706087,2.4296142512592223,0.08354191247047976,0.04579714969687823,2.366053989678534
0.003,0.5,0.02,180,3.3333333333333335,1.9386999993638068,1.948079082075585,0.06698508844071287,0.03672042559716363,1.8925641270142026
0.003,0.5,0.05,0,8.333333333333334,52.18194854904249,52.18194855471978,1.8029671634153686,0.983606557377049,53.051647697298485
0.003,0.5,0.05,30,8.333333333333334,30.199799770512346,30.1997997737655,1.0434498680473643,0.5692528146548663,30.35734322599753
0.003,0.5,0.05,60,8.333333333333334,6.778956283577036,6.778956284287594,0.23422344165685527,0.1277803155703456,6.605697872268942
0.003,0.5,0.05,90,8.333333333333334,0.8810209869946488,0.8810209870835832,0.03044063999139981,0.016606854364081276,0.8225049790851348
0.003,0.5,0.05,120,8.333333333333334,0.11455013114044064,0.11455013115157205,0.003957884493658458,0.002159219102961156,0.10241377273094501
0.003,0.5,0.05,150,8.333333333333334,0.02573512654630412,0.025735126548735592,0.0008891884914132226,0.0004850957070282683,0.022285034483534208
0.003,0.5,0.05,180,8.333333333333334,0.014900337693162796,0.014900337694556101,0.0005148297511221585,0.00028086474862334715,0.012751996780192147
0.003,0.5,0.1,0,16.666666666666668,51.34030422315442,51.34030422319204,1.7738870480681064,0.9677419354838709,53.051647697298506
0.003,0.5,0.1,30,16.666666666666668,17.501933812028426,17.501933812041177,0.6047189274601253,0.32990368012514015,17.37115297529104
0.003,0.5,0.1,60,16.666666666666668,0.9260206695188784,0.9260206695195422,0.03199544873678521,0.017455078394609372,0.8225049790851354
0.003,0.5,0.1,90,16.666666666666668,0.016748053722583787,0.016748053722595524,0.000578671202447636,0.0003156933752209997,0.012751996780192147
0.003,0.5,0.1,120,16.666666666666668,0.00030377558719484044,0.00030377558719504833,1.0495917151211275e-05,5.726034918431337e-06,0.00019770509117513738
0.003,0.5,0.1,150,16.666666666666668,1.6165164361202283e-05,1.6165164361213162e-05,5.585314719910912e-07,3.0470616960755286e-07,9.361118522952084e-06
0.003,0.5,0.1,180,16.666666666666668,5.526567526859043e-06,5.52656752686274e-06,1.9095146989307618e-07,1.0417334365175938e-07,3.0651907893581156e-06
0.003,0.8,0.02,0,5.333333333333333,32.46233243322401,33.019697736907744,2.9352328845645936,0.9958506224066391,33.157279810811524
0.003,0.8,0.02,30,5.333333333333333,22.757138960594716,23.147237575258938,2.0576926434090397,0.6981042385663786,23.196390965764724
0.003,0.8,0.02,60,5.333333333333333,8.623211089166283,8.770374802725716,0.7797077678114687,0.2645082724749326,8.740164065832289
0.003,0.8,0.02,90,5.333333333333333,2.2906932100352897,2.329549521738067,0.20712368873602352,0.07025755837119292,2.303882234415305
0.003,0.8,0.02,120,5.333333333333333,0.6085181225392394,0.6187775337695659,0.055021998428635116,0.018661890761250036,0.607296763547541
0.003,0.8,0.02,150,5.333333333333333,0.2305909333081888,0.2344612706837194,0.020849952532551782,0.00707118533310049,0.22882324055876976
0.003,0.8,0.02,180,5.333333333333333,0.16165488950968435,0.16436372935842228,0.014616779266108845,0.004957093292822789,0.1600816888580749
0.003,0.8,0.05,0,13.333333333333336,32.815452138748284,32.81545218389594,2.9671618463536054,0.9896907216494846,33.157279810811524
0.003,0.8,0.05,30,13.333333333333336,13.57620358567851,13.576203604192923,1.227555638344797,0.4094486544630889,13.573214381428421
0.003,0.8,0.05,60,13.333333333333336,1.217922137866403,1.217922139487712,0.11012409897712445,0.036731666362166016,1.1828525793838764
0.003,0.8,0.05,90,13.333333333333336,0.0452127632424088,0.04521276330063275,0.004088122433720374,0.001363584816324116,0.0421970750477207
0.003,0.8,0.05,120,13.333333333333336,0.0016788220477571966,0.0016788220498481423,0.0001517985096125021,5.063208017747983e-05,0.0015053381745259004
0.003,0.8,0.05,150,13.333333333333336,0.00015067806916062065,0.00015067806934372947,1.3624258962067043e-05,4.544343510790599e-06,0.00013118433795750495
0.003,0.8,0.05,180,13.333333333333336,6.235224680500615e-05,6.235224688009744e-05,5.637868616650264e-06,1.8804994630399798e-06,5.3701424023401914e-05
0.003,0.8,0.1,0,26.66666666666667,32.48060063094519,32.48060063099905,2.9368846886918303,0.9795918367346941,33.157279810811524
0.003,0.8,0.1,30,26.66666666666667,5.660460548543695,5.660460548553027,0.5118168874045964,0.1707154682425828,5.556310701463006
0.003,0.8,0.1,60,26.66666666666667,0.047873878290170806,0.047873878290248424,0.004328739537062168,0.001443842153620765,0.04219707504772074
0.003,0.8,0.1,90,26.66666666666667,7.067607582721915e-05,7.06760758273312e-05,6.390506361388751e-06,2.1315402297955096e-06,5.3701424023401914e-05
0.003,0.8,0.1,120,26.66666666666667,1.045125458861508e-07,1.0451254588631268e-07,9.449988295376747e-09,3.152024125098299e-09,6.834224739226304e-08
0.003,0.8,0.1,150,26.66666666666667,8.868706224281926e-10,8.868706224295431e-10,8.01905353122824e-11,2.67473878282489e-11,5.190211809756923e-10
0.003,0.8,0.1,180,26.66666666666667,1.548142031671851e-10,1.5481420316741956e-10,1.3998246770121417e-11,4.669086368084381e-12,8.69746540909209e-11
0.01,0.3,0.02,0,0.6,26.033980911422233,26.437698188022487,1.1649996490709238,0.9966777408637876,26.525823848649225
0.01,0.3,0.02,30,0.6,25.023024772163367,25.4108424239099,1.1197601771872387,0.9579661905657983,25.48082897409993
0.01,0.3,0.02,60,0.6,22.45677672424841,22.804276024561645,1.004922646752615,0.8597009523503606,22.83098816777841
0.01,0.3,0.02,90,0.6,19.371222479270415,19.670332204656233,0.866846582826044,0.7415540537738249,19.650813625672995
0.01,0.3,0.02,120,0.6,16.70972966933376,16.96718810954926,0.7477469261069825,0.6396479222044325,16.91361203085896
0.01,0.3,0.02,150,0.6,14.996247966696581,15.226940477623291,0.6710700018573399,0.5740421320938046,15.15470617315643
0.01,0.3,0.02,180,0.6,14.41400351812908,14.635610650305233,0.6450150323710165,0.5517495227975935,14.557680785119125
0.01,0.3,0.05,0,1.5,26.306156145702257,26.30660216394965,1.1771792712923914,0.9917355371900828,26.525823848649225
0.01,0.3,0.05,30,1.5,23.837315549583728,23.837718945878624,1.0667006457653894,0.8986608326245261,23.99001725676799
0.01,0.3,0.05,60,1.5,18.21096021759368,18.211266807516953,0.8149257823813228,0.6865485841807069,18.2309143422745
0.01,0.3,0.05,90,1.5,12.607492312018142,12.607703059855538,0.5641751128703242,0.47529920773780454,12.52991197000183
0.01,0.3,0.05,120,1.5,8.728614451387699,8.728759318024233,0.3905984569682371,0.32906647378150056,8.611674161176929
0.01,0.3,0.05,150,1.5,6.669023991693808,6.669134093476019,0.29843344498113544,0.25142043208643383,6.544334349392897
0.01,0.3,0.05,180,1.5,6.043422651906373,6.043522232251522,0.27043828958056837,0.22783542055977563,5.91871132341814
0.01,0.3,0.1,0,3.0,26.090974277341193,26.09097427735989,1.1675500562299697,0.983606557377049,26.525823848649228
0.01,0.3,0.1,30,3.0,21.457850107703884,21.45785010771922,0.9602214863084436,0.8089418911228998,21.69662783195076
0.01,0.3,0.1,60,3.0,12.579425069311727,12.579425069320644,0.5629191263957771,0.4742331526099321,12.529911970001834
0.01,0.3,0.1,90,3.0,6.066437651042565,6.06643765104682,0.2714681922300425,0.2286993114958705,5.918711323418141
0.01,0.3,0.1,120,3.0,2.926255223378542,2.9262552233805716,0.13094756118655082,0.11031722294761395,2.7958012645122374
0.01,0.3,0.1,150,3.0,1.7163185497808995,1.71631854978208,0.07680387087137307,0.06470368496658324,1.6145893270276204
0.01,0.3,0.1,180,3.0,1.4118852409599287,1.4118852409608968,0.06318072583071875,0.053226819608575296,1.3206430054666147
0.01,0.5,0.02,0,1.0,15.403064477679282,15.883726855478578,1.307044302613873,0.9980039920159681,15.915494309189533
0.01,0.5,0.02,30,1.0,14.41099844806759,14.860526891449695,1.2228614275957392,0.9337144422130386,14.88428296221408
0.01,0.5,0.02,60,1.0,12.01441181753162,12.388781842280611,1.0194963825618844,0.7784101204527079,12.394999430965296
0.01,0.5,0.02,90,1.0,9.371281468171386,9.66286433790712,0.7952105938992888,0.6071356723320762,9.65323526300539
0.01,0.5,0.02,120,1.0,7.309649310024302,7.536752348036053,0.6202684860936295,0.4735481161703138,7.517947182001098
0.01,0.5,0.02,150,1.0,6.094066193006035,6.283198986020815,0.5171188180678472,0.3947850355105166,6.260627487363302
0.01,0.5,0.02,180,1.0,5.701579661494152,5.8784617600337,0.483813933471105,0.36935464559460796,5.854983152431916
0.01,0.5,0.05,0,2.5,15.835600871271662,15.836312745462223,1.3437476631521164,0.9950248756218906,15.915494309189537
0.01,0.5,0.05,30,2.5,13.413874211515953,13.414476357830916,1.1382493327576226,0.8428564075503114,13.461380395026518
0.01,0.5,0.05,60,2.5,8.523742527662813,8.524123662477049,0.7232917270374115,0.5355864855265764,8.51895021952265
0.01,0.5,0.05,90,2.5,4.588120763379448,4.588324821552451,0.38933013051848536,0.2882929510334576,4.559865463983859
0.01,0.5,0.05,120,2.5,2.4697226186776273,2.469831870672108,0.20957108129080318,0.1551841132101086,2.4407201021064084
0.01,0.5,0.05,150,2.5,1.5694298747650501,1.5694990269578517,0.13317573130569185,0.09861453225814232,1.5445944204440392
0.01,0.5,0.05,180,2.5,1.3294451360290178,1.3295036291429017,0.11281155728475252,0.08353517668472618,1.306423328468492
0.01,0.5,0.1,0,5.0,15.757915157586321,15.7579151576134,1.3371555548340568,0.9900990099009902,15.91549430918954
0.01,0.5,0.1,30,5.0,11.325306750877393,11.325306750896798,0.9610215996654057,0.7115900097653655,11.385682318077626
0.01,0.5,0.1,60,5.0,4.593651170303749,4.593651170311559,0.38979941939746265,0.288627615396099,4.55986546398386
0.01,0.5,0.1,90,5.0,1.3392612087964018,1.3392612087986542,0.11364451114294383,0.08414826349599276,1.306423328468492
0.01,0.5,0.1,120,5.0,0.39050034183805604,0.3905003418387056,0.03313634424551218,0.02453586010289561,0.3742965503362787
0.01,0.5,0.1,150,5.0,0.15842626090275386,0.15842626090301523,0.013443437959857312,0.00995421554777225,0.14990247097065174
0.01,0.5,0.1,180,5.0,0.11387470151495538,0.11387470151514271,0.009662965447081139,0.0071549585141940574,0.10723775711956544
0.01,0.8,0.02,0,1.6,9.32496089176067,9.934765486385476,1.5725825265344222,0.9987515605493135,9.947183943243457
0.01,0.8,0.02,30,1.6,8.379878745593711,8.92772399609953,1.4132017327216566,0.8975127078215551,8.93619437435493
0.01,0.8,0.02,60,1.6,6.258141590700336,6.666957653122221,1.0553871730238962,0.6702356859149767,6.667796798759928
0.01,0.8,0.02,90,1.6,4.19995101742079,4.474023358886234,0.7082892527873476,0.44977788532051605,4.469557857101042
0.01,0.8,0.02,120,1.6,2.8186655130998592,3.002404987515889,0.47534613662160813,0.30183467046020074,2.9960342285309247
0.01,0.8,0.02,150,1.6,2.105000212009402,2.2421112822331337,0.3549920037393547,0.22540161064942096,2.2355095022668103
0.01,0.8,0.02,180,1.6,1.8916611093659046,2.01484097609999,0.31901401424021025,0.20255390747735738,2.0083018019931997
0.01,0.8,0.05,0,4.000000000000001,9.914803094360515,9.916195831270736,1.6720548516184532,0.9968847352024922,9.947183943243457
0.01,0.8,0.05,30,4.000000000000001,7.5937915811137735,7.594857065516135,1.280634212756355,0.7635183091868809,7.609064986520898
0.01,0.8,0.05,60,4.000000000000001,3.664538418391952,3.665050984058047,0.6179960593367362,0.3684511118895617,3.659364470269947
0.01,0.8,0.05,90,4.000000000000001,1.3544366037185367,1.3546252420473581,0.2284152567533433,0.13618178268106484,1.3462049563655385
0.01,0.8,0.05,120,4.000000000000001,0.5006132332971319,0.5006826574149086,0.08442454959039791,0.05033411066606375,0.49524112704998047
0.01,0.8,0.05,150,4.000000000000001,0.24158580504714144,0.24161920245711072,0.040741577373431065,0.02429021156497549,0.23817220483114404
0.01,0.8,0.05,180,4.000000000000001,0.18503344430091664,0.18505899429475314,0.03120445916177575,0.018604159262627585,0.1821890290642619
0.01,0.8,0.1,0,8.000000000000002,9.8854001919815,9.885400192043186,1.6670962795614388,0.9937888198757762,9.947183943243457
0.01,0.8,0.1,30,8.000000000000002,5.808475540484592,5.808475540520736,0.9795544717876002,0.5839316507729904,5.820528734509321
0.01,0.8,0.1,60,8.000000000000002,1.35879244209859,1.35879244210698,0.22914983520406176,0.13660071532405194,1.3462049563655392
0.01,0.8,0.1,90,8.000000000000002,0.1867829250951753,0.18678292509631644,0.03149949556562701,0.018777467689555214,0.1821890290642619
0.01,0.8,0.1,120,8.000000000000002,0.02567714110963201,0.02567714110978722,0.004330251237412089,0.0025813477720222724,0.02465660385101537
0.01,0.8,0.1,150,8.000000000000002,0.006007427233701408,0.0060074272337374375,0.0010131061359724492,0.0006039324564635132,0.005702719430724822
0.01,0.8,0.1,180,8.000000000000002,0.0035300582856439586,0.0035300582856650684,0.0005953170251423533,0.0003548801656636531,0.0033369084658301145
