source_id,scenario_id,horizon_s,finite_exposure_s_per_m3,infinite_exposure_s_per_m3,fraction_of_infinite_exposure
fast,no_mean_drift,30,9.936259436332598,53.05164769729845,0.1872940778960685
fast,no_mean_drift,60,20.131071881798704,53.05164769729845,0.37946176519648117
fast,no_mean_drift,120,28.942262292893897,53.05164769729845,0.5455487915857461
fast,no_mean_drift,300,37.48785636193898,53.05164769729845,0.7066294448729813
fast,no_mean_drift,1200,45.19054624783932,53.05164769729845,0.8518217286235308
fast,no_mean_drift,10000,50.32041708979318,53.05164769729845,0.9485175159292112
fast,toward,30,50.22595289200863,52.18194855471978,0.9625158562129962
fast,toward,60,52.17855876856013,52.18194855471978,0.9999350391034919
fast,toward,120,52.18194854904249,52.18194855471978,0.9999999998912019
fast,toward,300,52.18194855471979,52.18194855471978,1.0000000000000002
fast,toward,1200,52.18194855471979,52.18194855471978,1.0000000000000002
fast,toward,10000,52.18194855471979,52.18194855471978,1.0000000000000002
fast,away,30,0.014388977614072937,0.014900337694556101,0.965681309312205
fast,away,60,0.014899482577970732,0.014900337694556101,0.9999426109258127
fast,away,120,0.014900337693162796,0.014900337694556101,0.9999999999064917
fast,away,300,0.014900337694556101,0.014900337694556101,1.0
fast,away,1200,0.014900337694556101,0.014900337694556101,1.0
fast,away,10000,0.014900337694556093,0.014900337694556101,0.9999999999999994
fast,transverse,30,0.8494040056163257,0.881020987083583,0.9641132482304218
fast,transverse,60,0.8809671574084611,0.881020987083583,0.9999389008026924
fast,transverse,120,0.8810209869946486,0.881020987083583,0.9999999998990553
fast,transverse,300,0.8810209870835832,0.881020987083583,1.0000000000000002
fast,transverse,1200,0.8810209870835832,0.881020987083583,1.0000000000000002
fast,transverse,10000,0.8810209870835832,0.881020987083583,1.0000000000000002
slow,no_mean_drift,30,2.9242197909298624,53.05164769729845,0.05512024447600282
slow,no_mean_drift,60,12.56292839029741,53.05164769729845,0.23680562123119792
slow,no_mean_drift,120,25.742278523107366,53.05164769729845,0.48523051856913846
slow,no_mean_drift,300,36.80265073264926,53.05164769729845,0.6937136230459316
slow,no_mean_drift,1200,45.11023319511612,53.05164769729845,0.8503078632449954
slow,no_mean_drift,10000,50.317131398887796,53.05164769729845,0.9484555821147492
slow,toward,30,20.708067905555563,52.18194855471978,0.3968435154130048
slow,toward,60,43.72619067104124,52.18194855471978,0.8379562642278192
slow,toward,120,51.7413512926516,52.18194855471978,0.9915565195575985
slow,toward,300,52.18189405389682,52.18194855471978,0.9999989555617513
slow,toward,1200,52.18194855471979,52.18194855471978,1.0000000000000002
slow,toward,10000,52.18194855471979,52.18194855471978,1.0000000000000002
slow,away,30,0.006024898191957758,0.014900337694556101,0.4043464192196784
slow,away,60,0.01252604276069337,0.014900337694556101,0.840654958126876
slow,away,120,0.014776741666302853,0.014900337694556101,0.9917051525417169
slow,away,300,0.014900322406762598,0.014900337694556101,0.9999989739968438
slow,away,1200,0.014900337694556101,0.014900337694556101,1.0
slow,away,10000,0.014900337694556093,0.014900337694556101,0.9999999999999994
slow,transverse,30,0.35290720686212196,0.881020987083583,0.40056617496745445
slow,transverse,60,0.7394405507595804,0.881020987083583,0.839299587183874
slow,transverse,120,0.8736473221757045,0.881020987083583,0.9916305456782735
slow,transverse,300,0.8810200750009018,0.881020987083583,0.9999989647435253
slow,transverse,1200,0.8810209870835832,0.881020987083583,1.0000000000000002
slow,transverse,10000,0.8810209870835832,0.881020987083583,1.0000000000000002
