source_id,scenario_id,time_step_s,exposure_120s_s_per_m3,peak_concentration_per_m3,relative_error_against_adaptive_quad
fast,no_mean_drift,0.1,28.93918924231448,0.5381500120950237,0.00010617865833422687
fast,no_mean_drift,0.05,28.941493987602488,0.5381902665200151,2.6546138088091383e-05
fast,no_mean_drift,0.025,28.94207021390547,0.538200330724616,6.6366266217488746e-06
fast,no_mean_drift,0.0125,28.942214272980188,0.5382030348887307,1.6591624118196992e-06
fast,toward,0.1,52.176513325722325,3.6053210738186348,0.00010415907169611429
fast,toward,0.05,52.18058966890345,3.6055623765557883,2.6041191960469442e-05
fast,toward,0.025,52.181608824363124,3.605633524541204,6.510386997999013e-06
fast,toward,0.0125,52.18186361758235,3.605646431523959,1.6276023126455437e-06
fast,away,0.1,0.01489878568782075,0.0010416302816700829,0.00010415907169396282
fast,away,0.05,0.014899949670608661,0.0010417151801138363,2.604119195985927e-05
fast,away,0.025,0.014900240686198012,0.0010417299422320395,6.5103869980352925e-06
fast,away,0.0125,0.014900313441338705,0.0010417357101338025,1.627602312780634e-06
fast,transverse,0.1,0.8809292206664996,0.061225190169698775,0.0001041590716948023
fast,transverse,0.05,0.8809980441580055,0.06122868880558803,2.604119195993428e-05
fast,transverse,0.025,0.8810152512070701,0.06122956347512975,6.510386997725913e-06
fast,transverse,0.0125,0.8810195530428526,0.061229782143175794,1.6276023127008785e-06
slow,no_mean_drift,0.1,25.742154015162928,0.3374662950106334,4.836710329519416e-06
slow,no_mean_drift,0.05,25.742247396048676,0.3374674415580547,1.2091804019069683e-06
slow,no_mean_drift,0.025,25.74227074133816,0.33746765127876,3.0229527657858366e-07
slow,no_mean_drift,0.0125,25.742276577664786,0.33746770735384163,7.557382997849745e-08
slow,toward,0.1,51.74113295701207,1.2140979841652364,4.219751399528543e-06
slow,toward,0.05,51.741296708622755,1.2140984736204876,1.0549401490609274e-06
slow,toward,0.025,51.741337646636964,1.2140985959857464,2.6373518077079177e-07
slow,toward,0.0125,51.74134788114749,1.2140987658132663,6.593380391289225e-08
slow,away,0.1,0.014776679326016172,0.00034740628942733537,4.21881143278463e-06
slow,away,0.05,0.01477672608119721,0.00034740737455918346,1.054705157182245e-06
slow,away,0.025,0.01477673777002432,0.0003474074100445609,2.63676432899648e-07
slow,away,0.0125,0.014776740692233087,0.00034740753641659456,6.591911720567033e-08
slow,transverse,0.1,0.8736436360102093,0.02051961959374267,4.219283229754485e-06
slow,transverse,0.05,0.8736464006323221,0.020519627767354817,1.0548231065216605e-06
slow,transverse,0.025,0.8736470917897332,0.02051965673692101,2.637059205157093e-07
slow,transverse,0.0125,0.8736472645792039,0.020519657244786174,6.592648899269351e-08
